id,name,email,salary,department_id
1,Robert Foster,nfisher@example.com,62577,3
2,Sarah Baker,nfernandez@example.com,69063,3
3,Mr. Casey Stone,lisawright@example.org,111968,5
4,Dr. Angela Jones,youngdebra@example.com,89695,4
5,Timothy Douglas,cgarcia@example.com,81726,5
6,Angela Williams,fhurst@example.net,85249,5
7,Kathleen Moss,alexanderbrittany@example.org,82305,3
8,Christine Ray,lauraoconnor@example.org,110535,2
9,Bonnie Campbell,brownmeghan@example.org,36203,4
10,Michelle Hardin,cunninghamjonathan@example.com,105238,3
11,Dr. Anthony Norton,james73@example.com,45648,5
12,Cassandra Barnes,danielday@example.org,54654,4
13,Alyssa King,myersanna@example.com,73972,5
14,Natalie Bartlett,jamesmanning@example.org,106269,1
15,Tara Allen,emccall@example.net,50787,4
16,Nancy Berger,nancychandler@example.org,115341,2
17,Jeremiah Moore,rpatrick@example.com,103314,3
18,Krystal Jones,davidgalvan@example.net,34426,1
19,David Watts,edward62@example.net,89162,2
20,Jennifer Holt,kharris@example.com,105169,5
21,Brittany Hall,cameronjenna@example.net,103924,4
22,Mary George,sean35@example.net,30276,5
23,Micheal Delgado,lunaveronica@example.net,34831,2
24,Natalie Myers,april69@example.net,119987,1
25,Michael Edwards,timothystevens@example.com,110441,1
26,Allison Vasquez,martinezstephen@example.net,91933,5
27,Erin Heath,wolfecheryl@example.org,39599,3
28,Albert Richards,donna66@example.net,68145,3
29,Christina Williams,frice@example.net,33308,5
30,Tiffany Edwards,arellanodustin@example.com,59322,3
31,James Wilson,kylewinters@example.org,104482,2
32,Matthew Hogan,kristiyoung@example.org,105866,4
33,Joel Sutton,ernest85@example.net,49322,3
34,Daniel Castro,william89@example.com,68678,4
35,Tracy Holland DDS,nealrebecca@example.net,97954,2
36,Lindsey Figueroa,kevin92@example.com,43726,2
37,Shannon Miller MD,justincunningham@example.net,60719,5
38,Jasmine Brown,schmidtjoseph@example.com,35301,1
39,Lisa Rodgers,nlin@example.net,59282,2
40,Andrew Moore,gholloway@example.net,62574,4
41,Susan Houston,washingtonwilliam@example.com,65677,5
42,Kristin Ewing,april95@example.com,30551,2
43,Thomas Allen,jtucker@example.com,96795,5
44,Jennifer Schneider,upoole@example.org,54235,5
45,Aaron Young,danielle35@example.net,52199,1
46,Alexis Lucas,melvinsandoval@example.net,110397,2
47,Daniel Evans,brooksnatalie@example.net,75124,4
48,Matthew Novak,rosalescrystal@example.com,82916,5
49,Brandy Gilbert,usmith@example.net,73495,5
50,Jason Larsen,sandersdale@example.org,87133,4
51,Theresa Lane,dakota85@example.com,94898,1
52,Sarah Parker,woodchristopher@example.com,61114,3
53,Larry Allen,isabel41@example.net,51549,1
54,Diana Stone,zkim@example.com,69614,4
55,David Sims,melissa20@example.net,69822,1
56,Erica Fuller,chloemorris@example.com,65025,1
57,Kimberly Myers,goodteresa@example.net,42566,1
58,Gregory Guzman,leejulie@example.org,112218,1
59,Felicia Green,ogray@example.net,46744,5
60,Jacqueline Adams,ymeadows@example.org,115809,2
61,Kelly Meyer,estevens@example.org,64496,5
62,Brian Nelson,ponceeric@example.org,58648,4
63,Christopher Taylor,larsonrussell@example.com,90556,2
64,Samantha Franklin,dryan@example.net,114989,5
65,Lisa Vargas,connorwood@example.net,116014,1
66,Sarah Rowe,sarahconway@example.com,112485,5
67,Benjamin Ramirez,rcarter@example.com,51733,4
68,Tricia Cooper,phillipharris@example.com,59620,1
69,Katelyn Cuevas,imcbride@example.net,103682,5
70,Susan Black,hobbschristina@example.net,106681,2
71,Christopher Stein,mayotimothy@example.com,72464,4
72,Joseph Lopez,barnesstephanie@example.com,41243,1
73,James Gill,emily54@example.net,100346,1
74,Kelsey Williams,sharonbarron@example.net,41848,4
75,Mary Allen,bhampton@example.org,62861,5
76,Cathy Williams,russellbrown@example.net,88714,2
77,Nina Moore,lking@example.com,110709,5
78,Jordan Smith,stacy67@example.net,78588,1
79,Melissa Ford,julie25@example.org,111381,4
80,Tara Gonzalez,sharonkaiser@example.com,59691,3
81,Julia Phillips,ryan99@example.net,50551,5
82,Anthony Gray,amyandrews@example.com,105787,3
83,Mrs. Stacey Wilkerson,reynoldsadrienne@example.net,52306,5
84,Tracy Herrera,cynthia43@example.org,79760,4
85,Andrew Mcclain,peterperez@example.com,44214,1
86,Eric Kirk,qmartin@example.org,110437,3
87,Mark Gregory,pnunez@example.com,44801,4
88,Joseph Garrison,camachosherry@example.org,66814,5
89,James Strong,michaelward@example.org,42558,1
90,Danielle Savage,jonesmadison@example.net,78392,4
91,Lindsay Roberts,robert97@example.org,38618,5
92,Hannah Reeves,walshlee@example.org,36583,1
93,William Mitchell,clarktommy@example.org,79354,4
94,Gina Castillo,adrienne64@example.net,84564,2
95,Jason Walker,jacksonrichard@example.net,66719,2
96,Angelica Reid,otaylor@example.org,99070,4
97,Brett Todd,miguel66@example.com,99961,2
98,Margaret Collier,arich@example.org,50982,3
99,Seth Buchanan,lisa31@example.com,108664,2
100,Brittany Ellis,ifields@example.org,69816,2
101,Vincent Rush,ncollins@example.com,66312,1
102,Brandon Cummings,patriciaclark@example.com,102239,2
103,Michelle Tucker MD,rjones@example.org,86413,3
104,Katherine Jacobs,jennifertravis@example.com,72504,1
105,Jeffrey Black,valeriekhan@example.com,57767,2
106,Dr. John King,timothy79@example.com,119634,3
107,Jeff Hernandez,morganluna@example.com,72838,4
108,Christopher Wise,mblanchard@example.org,82765,3
109,Jennifer Lamb,jameshopkins@example.org,41781,3
110,Roger Woods,clowery@example.org,83590,1
111,Cheryl Smith,scottgarcia@example.com,56788,4
112,Marie Pearson,klin@example.com,107320,4
113,Robert Page,foxkim@example.com,105595,3
114,Oscar Compton,dchen@example.com,116430,4
115,Michelle Richardson PhD,kylerogers@example.com,101106,4
116,Cody Ayers,aguilarjennifer@example.com,56121,3
117,Cindy Ramirez,vsmith@example.net,73583,4
118,Jenny Chang,plester@example.net,44695,1
119,Jean Rivera,caitlyn35@example.net,37673,3
120,Nicholas Donovan,mariowilliams@example.net,109444,3
121,Bryan White,erika92@example.org,85487,5
122,Michelle Estrada,phillipshector@example.net,95310,3
123,Dr. Gabrielle Smith,jmejia@example.com,40570,2
124,Gina Moore,hollybenson@example.org,48392,5
125,Michael Wood,castilloaaron@example.net,113093,2
126,Francisco Wood,roydavid@example.net,88944,2
127,Jessica Reed,mahoneyderek@example.net,30539,5
128,Marissa Allen,smendoza@example.org,65136,1
129,Ray Lopez,obell@example.org,82026,2
130,Christopher Diaz,johnselizabeth@example.org,63878,1
131,Amber Black,gruiz@example.org,41870,3
132,Blake Harris,kimberlyhall@example.org,89163,3
133,Jeremy Keller,iwilson@example.org,53868,1
134,Kathryn Martinez,mbeck@example.org,84823,3
135,Miss Mary Mack,april82@example.org,90328,2
136,Anita Jones,martineztammy@example.org,115682,2
137,Carlos Jones,donaldwilson@example.net,119504,1
138,Gina Huang,alyssahernandez@example.net,92483,5
139,Kimberly Abbott,mariawilliams@example.org,88489,3
140,Mrs. Michelle Morgan DDS,erinsparks@example.net,84224,2
141,Thomas Larson,brian60@example.net,117385,2
142,David Payne,thompsonsean@example.org,114609,2
143,Gerald Johnston,doughertydavid@example.com,65476,1
144,Sydney Wood,clarkruben@example.org,51630,4
145,Donna Pratt,lisasharp@example.com,56760,2
146,Kathleen Bowers,xrodriguez@example.com,79583,5
147,Cynthia Bonilla,oray@example.org,97384,5
148,Sabrina Donaldson,lclark@example.com,88214,4
149,Andrew Williams,lparker@example.org,35491,1
150,Dustin Schultz,candace07@example.org,84011,1
151,Shelly Evans,brandonmartin@example.com,37107,3
152,Christopher Lucas,joyce00@example.net,118514,2
153,Cheryl Johnson,lesliemullins@example.net,119388,2
154,Sean Zhang,nguyentiffany@example.org,46971,3
155,Heather Trujillo,richardday@example.net,117000,1
156,Madison Goodman,paulgonzalez@example.com,119242,5
157,James Campbell,qbenjamin@example.com,41198,5
158,Jaime Costa,thomas09@example.net,94860,3
159,Matthew Adams,patrick03@example.org,73489,1
160,Christopher Jordan,kennethstewart@example.org,76031,2
161,Luis Thompson,wendyfoster@example.org,76526,3
162,Matthew Dean,christopherstuart@example.com,90997,5
163,Michael Hudson,elizabethpowell@example.com,112805,5
164,Amy Lowe,idickerson@example.com,69685,5
165,Jason Jones,ldaniels@example.org,49783,3
166,Ryan Osborne,sancheztimothy@example.net,86271,1
167,Mario Hayes,npearson@example.com,102080,1
168,Taylor Lewis,xkelley@example.org,106567,2
169,Daniel Watson,tgibson@example.org,48569,3
170,Steven Byrd,bmartinez@example.org,116887,5
171,Pamela Nelson,stephanie44@example.com,41681,1
172,Daniel White,ramosmckenzie@example.com,103656,3
173,Kristina Martinez,tlittle@example.com,85753,3
174,David Poole,jessicamartinez@example.net,69655,3
175,Jonathan Munoz,cheryl29@example.net,82622,3
176,Joseph Parker,seananderson@example.net,116737,5
177,Mark Lowery,randy25@example.com,35112,2
178,Henry Smith,mikevega@example.org,37293,5
179,Christine Johnson,teresarobinson@example.com,65771,4
180,Carolyn Jones,fharrell@example.org,45911,3
181,Sheila Smith,kellycorey@example.com,82381,1
182,Anita Levine,jsmith@example.org,108575,3
183,Andrea Williams,wmarks@example.com,43652,5
184,Patricia Johnson,nathan46@example.com,65855,1
185,Christian Maldonado DDS,hoffmanconnor@example.net,62875,3
186,Jacob Davis,spencernicole@example.com,118908,3
187,Mikayla Jackson,bguzman@example.com,75899,1
188,Mallory Ramos,kwatkins@example.org,49356,1
189,Kimberly Mitchell,tylermichael@example.com,72074,3
190,George Greer,richard79@example.net,93138,1
191,Terry Wade,davidquinn@example.net,101993,4
192,Linda Black,kaitlyn68@example.net,50608,2
193,Marcus Stephens,bishopdavid@example.net,52065,4
194,Gary Parker,michelle10@example.org,30750,1
195,Audrey Clayton,christinacook@example.com,113452,2
196,Jillian Norton,hernandezduane@example.net,44401,3
197,Mary Li DDS,david17@example.com,90944,5
198,James Simmons,david95@example.com,81349,1
199,Norman Long,leblancsteven@example.com,76900,5
200,Kevin Bailey,mpalmer@example.org,95188,4
201,Pamela Travis,tiffanyyoung@example.org,55612,2
202,Erica Wood,andrewbrowning@example.org,101292,5
203,Anne Flores,alexandergoodwin@example.com,110089,5
204,Jody Rivera,christophermiller@example.org,43703,5
205,Robert Chavez,jacobnelson@example.org,33137,2
206,Brendan Middleton,matthew06@example.net,100006,3
207,Karina Roberts,katherine76@example.net,77665,2
208,David Farrell,austinhenderson@example.net,40004,4
209,Erik Richards,yrichards@example.net,69415,3
210,Paul Christensen,sherrymartin@example.com,87682,4
211,Lisa Graham,jessicarowe@example.org,97981,4
212,Rebecca Jones,ekelley@example.com,115196,4
213,Kenneth Williamson,ugill@example.net,115738,2
214,Michael Jackson,bbeck@example.org,56870,3
215,Eric Stout,gwilliams@example.org,42294,1
216,Timothy Miller,adamflores@example.org,78983,4
217,Erin Reyes,melissa05@example.net,82550,4
218,David Carey,malloryharris@example.org,101368,2
219,Crystal Ramirez,griffinsamantha@example.net,107293,3
220,Brandon Phillips,sullivanmichael@example.com,50100,2
221,Lindsey Hernandez,jmartinez@example.net,88003,4
222,Tracy Dean,briana90@example.net,36104,4
223,Taylor Perkins,hyoung@example.net,57551,3
224,Kathryn Butler,sherrytaylor@example.com,45972,1
225,Sara Williams,kempsherry@example.org,103206,4
226,Danielle Acevedo,paula86@example.net,103585,5
227,Crystal Hudson,osmith@example.org,109099,5
228,Jacob Fitzgerald,shawn10@example.org,91590,4
229,Andrew Wood,katie47@example.net,55288,5
230,Sarah Bray,erin56@example.com,99879,5
231,George Johnson,yhernandez@example.org,115236,4
232,Gregory Lee,william59@example.net,108014,2
233,Mrs. Kelly Moyer,wsanchez@example.net,43184,3
234,Kimberly Griffin,sally82@example.org,79611,5
235,Ann Deleon,lmartinez@example.net,113849,2
236,Joseph Goodman,zlarson@example.com,108029,4
237,Andrew Calderon,jamesgrant@example.org,108099,2
238,Mr. Alexander Hickman,russellhart@example.com,47169,1
239,Kari Hayes,erin17@example.net,100012,1
240,Evan Larson,carolynleonard@example.org,62282,5
241,Jeremy Macdonald,gloverrobert@example.org,93134,2
242,Travis Duncan,cody44@example.org,98508,3
243,Kristina Lucero,ibutler@example.net,119989,3
244,Danielle Ramirez,jeremy63@example.net,95932,1
245,Kristen Day,iwest@example.com,116121,2
246,Lauren Kim,bernardalexis@example.org,80423,2
247,Christopher Burns,elizabeth23@example.com,65929,4
248,Leah Moon,rross@example.com,95537,4
249,Briana Schneider,sandra98@example.org,36217,1
250,Luis Mitchell,gfleming@example.net,119134,1
251,Heather Howard,hansenlarry@example.org,61490,3
252,Connie Peterson,beckerlisa@example.com,33864,2
253,Michelle Smith,crystal29@example.org,89088,4
254,Travis Thomas,huntermary@example.com,53806,1
255,Joseph Avery,wallacejohn@example.net,118697,4
256,Kaitlyn Miller,nicholas41@example.com,81795,4
257,Charles Rivera,brownrick@example.net,104533,4
258,Karen Stewart,markrich@example.org,75417,3
259,Anna Johnson,tlong@example.org,67862,3
260,Jason Stewart,patrick38@example.com,91876,2
261,William Reynolds,savageleah@example.net,55083,4
262,Kristen Williams,pattersonmitchell@example.com,34158,1
263,James Stevens,michael44@example.com,70065,2
264,Johnny Anderson,lhines@example.net,95600,5
265,Adam Schroeder,jessebrown@example.net,69300,2
266,Angela Dixon,doughertyjustin@example.com,95514,3
267,Emily Burton,aimeewebb@example.net,118753,4
268,Karina Wise,andrewfernandez@example.com,53747,3
269,Karen Rice,qsheppard@example.com,98944,3
270,Jonathan Sims,douglaslawrence@example.org,88392,5
271,Brooke Elliott,johnmiller@example.org,100290,5
272,Elizabeth Jones,chase79@example.net,40014,1
273,Chad Allison,iwarren@example.com,103281,3
274,Andrew Henry,jason81@example.com,81132,2
275,Susan Lewis,lwalton@example.org,49464,3
276,Kylie Green,heatherrodriguez@example.net,61303,3
277,Jason Black,thernandez@example.org,110530,2
278,Angela Wright,clairecolon@example.org,106134,5
279,Emma Kennedy,williselizabeth@example.net,103006,3
280,Allen Briggs,kbryan@example.net,61222,2
281,Robert Taylor,solomonruben@example.net,47431,4
282,Sergio Austin,omills@example.org,30972,5
283,Megan Jones,ehamilton@example.org,45271,2
284,Jason Thompson,jason26@example.org,88812,4
285,Lawrence Vazquez,katherine41@example.com,70071,4
286,Brittany Williams,brendataylor@example.net,86100,5
287,Mitchell Turner,dward@example.net,58414,5
288,Sarah King,marcus19@example.net,116363,5
289,Cindy Gay,david26@example.org,44422,1
290,Amanda Osborne,perryamy@example.com,109900,3
291,Elizabeth Burns,tcastaneda@example.org,77932,4
292,Nicholas Eaton,danny04@example.com,43581,2
293,Sabrina Richardson,sheri95@example.org,34603,3
294,Benjamin Solis,johnsonerin@example.net,65719,5
295,Ashley Perez,russellperez@example.net,61936,3
296,Jennifer Aguilar,edwardmoore@example.com,93587,5
297,Lisa Nelson,richard77@example.com,90179,1
298,Bethany Turner,dleon@example.com,83376,1
299,Steven Nunez,derekmccoy@example.com,37350,1
300,Patrick Santiago,meaganjones@example.org,87626,3
301,Christine Martinez,don09@example.net,78689,3
302,David Powell,ramirezjeremy@example.net,62139,1
303,David Mcintosh,huffmandonna@example.net,66757,5
304,Renee Avila,alexanderriley@example.net,54866,3
305,Dawn Wallace,keith04@example.org,54795,4
306,Michael Foster,annagoodwin@example.net,51483,2
307,Laura Smith,slong@example.net,63499,5
308,Matthew Arias,efrancis@example.com,118503,4
309,Frederick Buchanan,thomas47@example.org,88591,3
310,Casey Morris,harrisjason@example.net,68747,1
311,Beverly Vasquez,cdavis@example.net,104818,4
312,Crystal Bell,cparks@example.com,93766,3
313,Stephen Cummings,justin59@example.com,61038,3
314,Lydia Smith,gramirez@example.com,72572,2
315,Kenneth Romero,dixonkaren@example.com,86433,5
316,Paul Key,ihall@example.org,72315,1
317,Diane Kramer,lopezjames@example.net,60872,1
318,Victor Brown,lsmith@example.com,95985,1
319,Kenneth Roach,baldwinjuan@example.net,114859,3
320,Julia Rhodes,cfriedman@example.net,71061,1
321,Linda Jordan,josethompson@example.net,58287,5
322,Brian Mccullough,aneal@example.net,84217,3
323,Amanda Garner,shaungreen@example.com,81395,1
324,Russell Wood,campbelljessica@example.org,82432,4
325,Brittany Thomas,rodriguezkevin@example.net,70539,5
326,Brian Rodriguez,christinacarter@example.net,94301,2
327,Diana Kirby,elizabethbuckley@example.org,34997,3
328,Harold Young,connie45@example.org,41212,1
329,Dr. Karen Anderson,johnbender@example.org,97223,1
330,Daniel Smith,aaron90@example.com,111012,2
331,Jason Gonzalez,wdixon@example.com,91250,3
332,Heather Fuentes,nataliebaker@example.org,38611,2
333,Thomas Hansen,vellis@example.org,36958,5
334,Colleen Gonzalez,jon52@example.org,93234,5
335,Chad Dominguez,navarrodoris@example.org,86385,4
336,Alicia Cross MD,hector79@example.net,53233,5
337,Martin Martinez,josephjohnson@example.org,115651,5
338,Andrew Carter,gallaghereric@example.com,114819,1
339,Joseph Wilson,sheilaramirez@example.net,36918,5
340,David Joyce,xanderson@example.com,95879,2
341,Brent Jones,eking@example.org,85725,1
342,Ronald Hunt,georgelucas@example.net,48540,4
343,Matthew Johnston,christopherlee@example.org,34206,2
344,Katherine Herrera,barnesbrenda@example.com,70685,2
345,John Bowman,johnsongina@example.net,65225,2
346,Ronald Williams,graymiguel@example.com,78168,1
347,Lynn Oliver,thompsonmary@example.com,69027,2
348,Richard Gutierrez,charles84@example.com,34864,1
349,Michael Washington,joelsalas@example.com,119202,5
350,Lauren Page,davidsuarez@example.net,60715,5
351,Christy Scott,hayescourtney@example.org,106327,5
352,Melinda Osborne,arthurmata@example.org,87987,3
353,Paul Huynh,averychristopher@example.org,68064,1
354,Jessica Patel,bryantalexandra@example.com,104264,1
355,Tonya White,mary97@example.org,76782,5
356,Lauren Anderson,isanchez@example.net,119835,3
357,Tiffany Martin,irios@example.org,70474,5
358,Dr. Carol Rush,shafferedward@example.org,81651,1
359,Kimberly Johnston,ckoch@example.net,116005,2
360,Brittany White,ashlee19@example.com,49514,3
361,Travis Rodriguez,lucasyoung@example.com,54374,3
362,Sarah Snyder,ochristian@example.org,87332,5
363,April Roman,fadams@example.org,69009,2
364,Christina Murphy,ycampbell@example.org,34855,3
365,Susan Wilson,david65@example.org,55877,4
366,Elizabeth Lee,kendraclark@example.com,87681,1
367,Stephen Anderson,lopezhannah@example.org,76029,1
368,Justin Black,turnervictoria@example.org,67441,3
369,Melissa Clark,smithterri@example.org,97043,5
370,Elizabeth Johnson,jonesnathan@example.net,86758,1
371,Tony Flores MD,zroberts@example.org,62128,1
372,Kristi Mitchell,fhunter@example.com,103630,5
373,Monica Cruz,morganeric@example.net,67290,3
374,Christopher Obrien,nicoleball@example.org,55982,5
375,Peter Williams,ryan14@example.net,86449,3
376,Jill Arnold,brady94@example.org,63084,2
377,Daniel Thompson,david33@example.net,87700,5
378,Autumn Hall,bryan24@example.net,93956,3
379,William Thomas,hjohnson@example.net,44917,5
380,Joshua Carroll,ngallagher@example.org,99376,1
381,Cheyenne Roberts,joneslisa@example.net,115947,2
382,Monique Newman,stephensanders@example.net,44943,4
383,Mrs. Lisa Jones,larsonkaren@example.net,66588,3
384,Kathy Flores,rjimenez@example.com,67752,3
385,Brittany Nash,anitafigueroa@example.org,46507,3
386,Scott Gonzalez,iwilliams@example.net,88323,4
387,Melanie Hammond,owilliams@example.com,69887,3
388,Christopher Hood,watsonsandra@example.org,112447,5
389,Richard Taylor,acole@example.net,70537,2
390,Jacob Stuart,carriemacdonald@example.org,48437,3
391,Mark Parrish,april42@example.org,95999,1
392,Justin Young,vcarter@example.org,65475,5
393,Maureen Patterson,taylorbrown@example.org,97977,2
394,Kevin Rodriguez,karen40@example.net,79203,4
395,Adriana Miller,bowersmary@example.org,32598,1
396,Brandi Harris,laramichael@example.com,70124,3
397,Jessica Rodriguez,alexander29@example.net,78380,2
398,Andre Ward,ecabrera@example.net,42513,3
399,Robert Mitchell,sdean@example.org,101531,5
400,Dennis Garcia,bradley65@example.org,108752,3
401,Reese Patel,reese.patel.1@example.com,94553,1
402,Alex Robinson,alex.robinson.3@example.com,58059,1
403,Skyler Patel,skyler.patel.5@example.com,117381,1
404,Avery Adams,avery.adams.7@example.com,81918,1
405,Alex Clark,alex.clark.9@example.com,102309,1
406,Taylor Adams,taylor.adams.11@example.com,54918,1
407,Taylor Bell,taylor.bell.13@example.com,66520,1
408,Reese Patel,reese.patel.15@example.com,73710,1
409,Riley Clark,riley.clark.17@example.com,40024,1
410,Riley Bailey,riley.bailey.19@example.com,42234,1
411,Skyler Lee,skyler.lee.21@example.com,113354,1
412,Jamie Robinson,jamie.robinson.23@example.com,71332,1
413,Morgan Patel,morgan.patel.25@example.com,54066,1
414,Riley Kim,riley.kim.27@example.com,49339,1
415,Taylor Lee,taylor.lee.29@example.com,52342,1
416,Morgan Kim,morgan.kim.31@example.com,68348,1
417,Casey Bell,casey.bell.33@example.com,103557,1
418,Skyler Patel,skyler.patel.35@example.com,47071,1
419,Avery Lee,avery.lee.37@example.com,117012,1
420,Avery Lee,avery.lee.39@example.com,57530,1
421,Jordan Clark,jordan.clark.21@example.com,63267,2
422,Riley Bailey,riley.bailey.23@example.com,86507,2
423,Skyler Bailey,skyler.bailey.25@example.com,61183,2
424,Casey Bell,casey.bell.27@example.com,78977,2
425,Casey Bell,casey.bell.29@example.com,86453,2
426,Jordan Clark,jordan.clark.31@example.com,119759,2
427,Alex Bell,alex.bell.33@example.com,88535,2
428,Skyler Clark,skyler.clark.35@example.com,42777,2
429,Skyler Kim,skyler.kim.37@example.com,52931,2
430,Riley Bell,riley.bell.39@example.com,79883,2
431,Reese Kim,reese.kim.41@example.com,103661,2
432,Morgan Patel,morgan.patel.43@example.com,92239,2
433,Alex Robinson,alex.robinson.45@example.com,49309,2
434,Morgan Clark,morgan.clark.47@example.com,42969,2
435,Taylor Patel,taylor.patel.49@example.com,119043,2
436,Alex Gray,alex.gray.51@example.com,116050,2
437,Jamie Patel,jamie.patel.53@example.com,79632,2
438,Alex Kim,alex.kim.55@example.com,107978,2
439,Jamie Patel,jamie.patel.57@example.com,96525,2
440,Avery Gray,avery.gray.59@example.com,71869,2
441,Alex Clark,alex.clark.41@example.com,112543,3
442,Jordan Robinson,jordan.robinson.43@example.com,60897,3
443,Jamie Robinson,jamie.robinson.45@example.com,62110,3
444,Casey Adams,casey.adams.47@example.com,78124,3
445,Alex Gray,alex.gray.49@example.com,54881,3
446,Taylor Bailey,taylor.bailey.51@example.com,74588,3
447,Jamie Lee,jamie.lee.53@example.com,93626,3
448,Taylor Clark,taylor.clark.55@example.com,70089,3
449,Riley Bell,riley.bell.57@example.com,62358,3
450,Morgan Gray,morgan.gray.59@example.com,84275,3
451,Avery Patel,avery.patel.61@example.com,50212,3
452,Reese Patel,reese.patel.63@example.com,73319,3
453,Jordan Lee,jordan.lee.65@example.com,97849,3
454,Morgan Lee,morgan.lee.67@example.com,77472,3
455,Jamie Adams,jamie.adams.69@example.com,40608,3
456,Taylor Lee,taylor.lee.71@example.com,105925,3
457,Riley Bailey,riley.bailey.73@example.com,77887,3
458,Morgan Robinson,morgan.robinson.75@example.com,68492,3
459,Reese Adams,reese.adams.77@example.com,87837,3
460,Reese Gray,reese.gray.79@example.com,72110,3
461,Reese Brooks,reese.brooks.61@example.com,97178,4
462,Skyler Gray,skyler.gray.63@example.com,105717,4
463,Skyler Clark,skyler.clark.65@example.com,98721,4
464,Skyler Gray,skyler.gray.67@example.com,96737,4
465,Jordan Patel,jordan.patel.69@example.com,110647,4
466,Riley Bell,riley.bell.71@example.com,66262,4
467,Avery Bailey,avery.bailey.73@example.com,55167,4
468,Morgan Patel,morgan.patel.75@example.com,72550,4
469,Morgan Lee,morgan.lee.77@example.com,109572,4
470,Riley Patel,riley.patel.79@example.com,101051,4
471,Riley Bailey,riley.bailey.81@example.com,56660,4
472,Reese Clark,reese.clark.83@example.com,66355,4
473,Taylor Patel,taylor.patel.85@example.com,97395,4
474,Jamie Adams,jamie.adams.87@example.com,97937,4
475,Reese Patel,reese.patel.89@example.com,50818,4
476,Taylor Clark,taylor.clark.91@example.com,87669,4
477,Taylor Clark,taylor.clark.93@example.com,113635,4
478,Jamie Kim,jamie.kim.95@example.com,43349,4
479,Reese Adams,reese.adams.97@example.com,67794,4
480,Taylor Patel,taylor.patel.99@example.com,53525,4
481,Casey Bailey,casey.bailey.81@example.com,98803,5
482,Skyler Clark,skyler.clark.83@example.com,80426,5
483,Avery Gray,avery.gray.85@example.com,105549,5
484,Jordan Lee,jordan.lee.87@example.com,52783,5
485,Riley Robinson,riley.robinson.89@example.com,78188,5
486,Skyler Gray,skyler.gray.91@example.com,63896,5
487,Casey Clark,casey.clark.93@example.com,99337,5
488,Avery Bell,avery.bell.95@example.com,66139,5
489,Alex Lee,alex.lee.97@example.com,117500,5
490,Jamie Lee,jamie.lee.99@example.com,57237,5
491,Casey Adams,casey.adams.101@example.com,119281,5
492,Reese Clark,reese.clark.103@example.com,74841,5
493,Alex Bailey,alex.bailey.105@example.com,69261,5
494,Jamie Bailey,jamie.bailey.107@example.com,58566,5
495,Skyler Patel,skyler.patel.109@example.com,103663,5
496,Casey Patel,casey.patel.111@example.com,91835,5
497,Morgan Clark,morgan.clark.113@example.com,68280,5
498,Avery Clark,avery.clark.115@example.com,83927,5
499,Riley Gray,riley.gray.117@example.com,42698,5
500,Casey Robinson,casey.robinson.119@example.com,63581,5
501,Codex Employee 1779898926,employee_1779898926@example.com,50000,
502,Postman Employee 1,postman.employee1@test.com,50000,1
503,Level5 Employee,level5.employee.1779912608@test.com,70000,58
504,Level5 Employee,level5.employee.1779912851@test.com,70000,59
